{"cameraMode":{"drawMode":0,"name":"Shaded","section":"Shading Mode"},"sceneLighting":false,"audioPlay":false,"sceneViewState":{"showFog":true,"showMaterialUpdate":false,"showSkybox":false,"showFlares":true,"showImageEffects":true,"showParticleSystems":true},"in2DMode":false,"pivot":{"x":5.110000133514404,"y":1.6699999570846558,"z":8.869999885559082},"rotation":{"x":0.0652465745806694,"y":0.145558163523674,"z":-0.009620783850550652,"w":0.9871505498886108},"size":10.0,"orthographic":true}